frame_ID,person_ID,head_center_x,head_center_y,head_width,head_height,body_center_x,body_center_y,body_width,body_height,left_shoulder_x,left_shoulder_y,left_shoulder_vec_x,left_shoulder_vec_y,left_upper_arm_length,left_elbow_vec_x,left_elbow_vec_y,left_lower_arm_length,right_shoulder_x,right_shoulder_y,right_shoulder_vec_x,right_shoulder_vec_y,right_upper_arm_length,right_elbow_vec_x,right_elbow_vec_y,right_lower_arm_length,left_hip_x,left_hip_y,left_hip_vec_x,left_hip_vec_y,left_upper_leg_length,left_knee_vec_x,left_knee_vec_y,left_lower_leg_length,right_hip_x,right_hip_y,right_hip_vec_x,right_hip_vec_y,right_upper_leg_length,right_knee_vec_x,right_knee_vec_y,right_lower_leg_length
0,person_00,347.74,81.2133,45.04599999999999,12.683599999999998,341.90250000000003,184.895,95.85700000000003,128.13,389.831,122.806,0.3048231443386953,0.95240897238291,48.20828166404607,-0.5041246484520225,0.8636309042774724,27.209540422432706,293.974,120.83,-0.25017741552827016,0.9682000107207164,62.6275555965583,0.9223750240598713,0.38629563159651664,32.9074391741442,368.312,248.96,0.03367146648971725,0.999432955402428,87.10639320968352,-1,-1,0,310.593,246.025,-0.033202953485237434,0.9994486299354546,88.09457271024137,-1,-1,0
0,person_01,99.79275,124.7285,32.2705,7.812999999999988,97.82575,191.749,67.4905,79.19400000000002,131.571,152.152,0.6843797820362465,0.7291257188853095,42.90892392032223,-0.9762411514011555,0.21668690387502904,36.08432194180738,64.0805,159.899,-0.621287777218465,0.7835824767559181,42.52264565428637,-0.8401220883217556,0.5423973420970022,19.78807631782332,121.789,228.429,-1,-1,0,-1,-1,0,81.6885,231.346,-1,-1,0,-1,-1,0